{"cameraMode":{"drawMode":0,"name":"Shaded","section":"Shading Mode"},"sceneLighting":false,"audioPlay":false,"sceneViewState":{"showFog":true,"showMaterialUpdate":false,"showSkybox":false,"showFlares":true,"showImageEffects":true,"showParticleSystems":true},"in2DMode":false,"pivot":{"x":11.336517333984375,"y":3.130031108856201,"z":5.445722579956055},"rotation":{"x":-0.12733571231365205,"y":0.8094213008880615,"z":-0.19063924252986909,"w":-0.5406380295753479},"size":1.2247449159622193,"orthographic":false}