{"cameraMode":{"drawMode":0,"name":"Shaded","section":"Shading Mode"},"sceneLighting":true,"audioPlay":false,"sceneViewState":{"showFog":true,"showMaterialUpdate":true,"showSkybox":true,"showFlares":true,"showImageEffects":true,"showParticleSystems":true},"in2DMode":false,"pivot":{"x":-0.518035352230072,"y":15.135377883911133,"z":-8.225111961364746},"rotation":{"x":0.15557359158992768,"y":0.18346725404262544,"z":-0.02941971644759178,"w":0.970190167427063},"size":5.280434608459473,"orthographic":false}