{"cameraMode":{"drawMode":0,"name":"Shaded","section":"Shading Mode"},"sceneLighting":true,"audioPlay":false,"sceneViewState":{"showFog":true,"showMaterialUpdate":false,"showSkybox":true,"showFlares":true,"showImageEffects":true,"showParticleSystems":true},"in2DMode":false,"pivot":{"x":2.6828134059906008,"y":-8.789396286010743,"z":10.57892894744873},"rotation":{"x":-0.38100457191467287,"y":0.06209193542599678,"z":-0.025645200163125993,"w":-0.9221433401107788},"size":10.30276870727539,"orthographic":false}